id;abbreviation;code;description;name;sortOrder;unit;applicationId
1;DM;DM;"";Dry Matter;1;%;1
2;CP;CP;"";Crude Protein;2;%;1
3;RUP;RUP;"";Rumen Undegradable Protein;3;%;1
4;CF;CF;"";Crude Fiber;4;%;1
5;EE;EE;"";Ether Extract;5;%;1
6;EEP;EEP;"";Fat from Plant Origin;6;%;1
7;Linoleic;Linoleic;"";Linoleic;7;%;1
8;Arachid;Arachid;"";Arachid;8;%;1
9;ADF;ADF;"";Acid Detergent Fiber;9;%;1
10;NDF;NDF;"";Neutral Detergent Fiber;10;%;1
11;eNDF;eNDF;"";Effective Neutral Detergent Fibre;11;%;1
12;TDN;TDNCamelids;"";Total Digestible Nutrients;12;%;1
13;TDN;TDNCattle;"";Total Digestible Nutrients;13;%;1
14;TDN;TDNSheep;"";Total Digestible Nutrients;14;%;1
15;DE;DEAntelope;"";Digestible Energy;15;Mcal/kg;1
16;DE;DECamelids;"";Digestible Energy;16;Mcal/kg;1
17;DE;DEDeer;"";Digestible Energy;17;Mcal/kg;1
18;DE;DEHorse;"";Digestible Energy;18;Mcal/kg;1
19;DE;DEPig;"";Digestible Energy;19;Mcal/kg;1
20;DE;DESheep;"";Digestible Energy;20;Mcal/kg;1
21;ME;MECattle;"";Metabolizable Energy;21;Mcal/kg;1
22;ME;MECats;"";Metabolizable Energy;22;Mcal/kg;1
23;ME;MEDogs;"";Metabolizable Energy;24;Mcal/kg;1
24;ME;MEFish;"";Metabolizable Energy;25;Mcal/kg;1
25;ME;MEPig;"";Metabolizable Energy;26;Mcal/kg;1
26;ME;MEPoultry;"";Metabolizable Energy;27;Mcal/kg;1
27;ME;MESheep;"";Metabolizable Energy;28;Mcal/kg;1
28;NEm;NEmCattle;"";Net Energy for Maintenance;29;Mcal/kg;1
29;NEg;NEgCattle;"";Net Energy for Gain or Growth;30;Mcal/kg;1
30;NEl;NElCattle;"";Net Energy for Lactation;31;Mcal/kg;1
31;Arg;Arg;"";Arginine;32;%;1
32;His;His;"";Histidine;33;%;1
33;Iso-L;Iso-L;"";Iso-Leucine;34;%;1
34;Leu;Leu;"";Leucine;35;%;1
35;Lys;Lys;"";Lysine;36;%;1
36;Avail Lys;Avail Lys;"";Available Lysine;37;%;1
37;Met;Met;"";Methionine;38;%;1
38;Cys;Cys;"";Cystine;39;%;1
39;Phe;Phe;"";Phenylalanine;40;%;1
40;Proline;Proline;"";Proline;41;%;1
41;Taurine;Taurine;"";Taurine;42;%;1
42;Tyr;Tyr;"";Tyrosine;43;%;1
43;Thr;Thr;"";Threonine;44;%;1
44;Trp;Trp;"";Tryptophan;45;%;1
45;Val;Val;"";Valine;46;%;1
46;Gly;Gly;"";Glycine;47;%;1
47;Ser;Ser;"";Serine;48;%;1
48;Ca;Ca;"";Calcium;49;%;1
49;Cl;Cl;"";Chlorine;50;%;1
50;Mg;Mg;"";Magnesium;51;%;1
51;P;P;"";Phosphorus;52;%;1
52;Avail P;Avail P;"";Available Phosphorus;53;%;1
53;K;K;"";Potassium;54;%;1
54;Na;Na;"";Sodium;55;%;1
55;S;S;"";Sulphur;56;%;1
56;Co;Co;"";Cobalt;57;mg/kg;1
57;Cr;Cr;"";Chromium;58;mg/kg;1
58;Cu;Cu;"";Copper;59;mg/kg;1
59;I;I;"";Iodine;60;mg/kg;1
60;Fe;Fe;"";Iron;61;mg/kg;1
61;Mn;Mn;"";Manganese;62;mg/kg;1
62;Se;Se;"";Selenium;63;mg/kg;1
63;Zn;Zn;"";Zinc;64;mg/kg;1
64;Mo;Mo;"";Molybdenum;65;mg/kg;1
65;Vit A;Vit A;"";Vitamin A;66;I.U./kg;1
66;Vit D;Vit D;"";Vitamin D;67;I.U./kg;1
67;Vit E;Vit E;"";Vitamin E;68;I.U./kg;1
68;Vit K;Vit K;"";Vitamin K;69;mg/kg;1
69;Biotin;Biotin;"";Biotin;70;mg/kg;1
70;Choline;Choline;"";Choline;71;mg/kg;1
71;Folic;Folic;"";Folic;72;mg/kg;1
72;Niacin;Niacin;"";Niacin;73;mg/kg;1
73;Pantot;Pantot;"";Pantot;74;mg/kg;1
74;Vit B1;Vit B1;"";Vitamin B1;75;mg/kg;1
75;Vit B2;Vit B2;"";Vitamin B2;76;mg/kg;1
76;Vit B6;Vit B6;"";Vitamin B6;77;mg/kg;1
77;Vit B12;Vit B12;"";Vitamin B12;78;mg/kg;1
78;Vit C;Vit C;"";Vitamin C;79;mg/kg;1
79;Inositol;Inositol;"";Inositol;80;mg/kg;1
80;Cholest;Cholest;"";Cholesterol;81;%;1
