Unit,Abbreviation,Code,Name,Description,Sort Order
%,DM,DM,Dry Matter,,1
%,CP,CP,Crude Protein,,2
%,RUP,RUP,Rumen Undegradable Protein,,3
%,CF,CF,Crude Fiber,,4
%,EE,EE,Ether Extract,,5
%,EEP,EEP,Fat from Plant Origin,,6
%,Linoleic,Linoleic,Linoleic,,7
%,Arachid,Arachid,Arachid,,8
%,ADF,ADF,Acid Detergent Fiber,,9
%,NDF,NDF,Neutral Detergent Fiber,,10
%,eNDF,eNDF,Effective Neutral Detergent Fibre,,11
%,TDN,TDNCamelids,Total Digestible Nutrients,,12
%,TDN,TDNCattle,Total Digestible Nutrients,,13
%,TDN,TDNSheep,Total Digestible Nutrients,,14
Mcal/kg,DE,DEAntelope,Digestible Energy,,15
Mcal/kg,DE,DECamelids,Digestible Energy,,16
Mcal/kg,DE,DEDeer,Digestible Energy,,17
Mcal/kg,DE,DEHorse,Digestible Energy,,18
Mcal/kg,DE,DEPig,Digestible Energy,,19
Mcal/kg,DE,DESheep,Digestible Energy,,20
Mcal/kg,ME,MECattle,Metabolizable Energy,,21
Mcal/kg,ME,MECats,Metabolizable Energy,,22
Mcal/kg,ME,MEDogs,Metabolizable Energy,,24
Mcal/kg,ME,MEFish,Metabolizable Energy,,25
Mcal/kg,ME,MEPig,Metabolizable Energy,,26
Mcal/kg,ME,MEPoultry,Metabolizable Energy,,27
Mcal/kg,ME,MESheep,Metabolizable Energy,,28
Mcal/kg,NEm,NEmCattle,Net Energy for Maintenance,,29
Mcal/kg,NEg,NEgCattle,Net Energy for Gain or Growth,,30
Mcal/kg,NEl,NElCattle,Net Energy for Lactation,,31
%,Arg,Arg,Arginine,,32
%,His,His,Histidine,,33
%,Iso-L,Iso-L,Iso-Leucine,,34
%,Leu,Leu,Leucine,,35
%,Lys,Lys,Lysine,,36
%,Avail Lys,Avail Lys,Available Lysine,,37
%,Met,Met,Methionine,,38
%,Cys,Cys,Cystine,,39
%,Phe,Phe,Phenylalanine,,40
%,Proline,Proline,Proline,,41
%,Taurine,Taurine,Taurine,,42
%,Tyr,Tyr,Tyrosine,,43
%,Thr,Thr,Threonine,,44
%,Trp,Trp,Tryptophan,,45
%,Val,Val,Valine,,46
%,Gly,Gly,Glycine,,47
%,Ser,Ser,Serine,,48
%,Ca,Ca,Calcium,,49
%,Cl,Cl,Chlorine,,50
%,Mg,Mg,Magnesium,,51
%,P,P,Phosphorus,,52
%,Avail P,Avail P,Available Phosphorus,,53
%,K,K,Potassium,,54
%,Na,Na,Sodium,,55
%,S,S,Sulphur,,56
mg/kg,Co,Co,Cobalt,,57
mg/kg,Cr,Cr,Chromium,,58
mg/kg,Cu,Cu,Copper,,59
mg/kg,I,I,Iodine,,60
mg/kg,Fe,Fe,Iron,,61
mg/kg,Mn,Mn,Manganese,,62
mg/kg,Se,Se,Selenium,,63
mg/kg,Zn,Zn,Zinc,,64
mg/kg,Mo,Mo,Molybdenum,,65
I.U./kg,Vit A,Vit A,Vitamin A,,66
I.U./kg,Vit D,Vit D,Vitamin D,,67
I.U./kg,Vit E,Vit E,Vitamin E,,68
mg/kg,Vit K,Vit K,Vitamin K,,69
mg/kg,Biotin,Biotin,Biotin,,70
mg/kg,Choline,Choline,Choline,,71
mg/kg,Folic,Folic,Folic,,72
mg/kg,Niacin,Niacin,Niacin,,73
mg/kg,Pantot,Pantot,Pantot,,74
mg/kg,Vit B1,Vit B1,Vitamin B1,,75
mg/kg,Vit B2,Vit B2,Vitamin B2,,76
mg/kg,Vit B6,Vit B6,Vitamin B6,,77
mg/kg,Vit B12,Vit B12,Vitamin B12,,78
mg/kg,Vit C,Vit C,Vitamin C,,79
mg/kg,Inositol,Inositol,Inositol,,80
%,Cholest,Cholest,Cholesterol,,81
