id;description;name;username;dietGroupId
21;;Bobwhite Quail, Breeder ration;;12
255;;Fingerling;;54
1;;A complete (Full feed) Finisher ration;;3
2;;A complete (Full feed) Finisher ration;;4
3;;A complete (Full feed) Gestation ration;;3
4;;A complete (Full feed) Gestation ration;;4
5;;A complete (Full feed) Grower ration;;3
6;;A complete (Full feed) Grower ration;;4
7;;A complete (Full feed) Lactation ration;;3
8;;A complete (Full feed) Lactation ration;;4
9;;Barrows, BW: 50 - 80 kg (110 - 175 lb), to gain 300 g/day;;7
10;;Barrows, BW: 50 - 80 kg (110 - 175 lb), to gain 300 g/day;;8
11;;Barrows, BW: 50 - 80 kg (110 - 175 lb), to gain 325 g/day;;7
12;;Barrows, BW: 50 - 80 kg (110 - 175 lb), to gain 325 g/day;;8
13;;Barrows, BW: 50 - 80 kg (110 - 175 lb), to gain 350 g/day;;7
14;;Barrows, BW: 50 - 80 kg (110 - 175 lb), to gain 350 g/day;;8
15;;Barrows, BW: 80 - 120 kg (175 - 265 lb), to gain 300 g/day;;7
16;;Barrows, BW: 80 - 120 kg (175 - 265 lb), to gain 300 g/day;;8
17;;Barrows, BW: 80 - 120 kg (175 - 265 lb), to gain 325 g/day;;7
18;;Barrows, BW: 80 - 120 kg (175 - 265 lb), to gain 325 g/day;;8
19;;Barrows, BW: 80 - 120 kg (175 - 265 lb), to gain 350 g/day;;7
20;;Barrows, BW: 80 - 120 kg (175 - 265 lb), to gain 350 g/day;;8
22;;Bobwhite Quail, Breeder ration;;13
23;;Bobwhite Quail, Grower ration for chicks after 6 weeks of age;;12
24;;Bobwhite Quail, Grower ration for chicks after 6 weeks of age;;13
25;;Bobwhite Quail, Starter ration for chicks 0 - 6 weeks of age;;12
26;;Bobwhite Quail, Starter ration for chicks 0 - 6 weeks of age;;13
27;;Breeder Holding ration, from 42 weeks to sexual maturity;;16
28;;Breeder Holding ration, from 42 weeks to sexual maturity;;17
29;;Breeder Holding ration, from 48 weeks to sexual maturity;;20
30;;Breeder Holding ration, from 48 weeks to sexual maturity;;21
31;;Breeder ration for hens laying hatching eggs;;24
32;;Breeder ration for hens laying hatching eggs;;25
33;;Breeder ration, from 3 - 4 weeks before onset of egg production;;20
34;;Breeder ration, from 3 - 4 weeks before onset of egg production;;21
35;;Breeder ration, from 4 - 5 weeks before onset of egg production;;16
36;;Breeder ration, from 4 - 5 weeks before onset of egg production;;17
37;;Breeder, Pelleted Mix;;28
38;;Breeder, Pelleted Mix;;29
39;;Breeders, Holding;;32
40;;Breeders, Holding;;33
41;;Breeders, Laying;;32
42;;Breeders, Laying;;33
43;;Breeding Ducks;;36
44;;Breeding Ducks;;37
45;;Breeding Geese;;40
46;;Breeding Geese;;41
47;;Breeding Pheasants;;44
48;;Breeding Pheasants;;45
49;;Broiler Chicks, 0 - 3 weeks of age;;48
50;;Broiler Chicks, 0 - 3 weeks of age;;49
51;;Broiler Chicks, 3 - 6 weeks of age;;48
52;;Broiler Chicks, 3 - 6 weeks of age;;49
53;;Broilers, 6 -8 weeks of age, finishing stage;;48
54;;Broilers, 6 -8 weeks of age, finishing stage;;49
55;;Brood Fish;;52
56;;Brood Fish;;54
57;;Brood Fish;;56
58;;Brood Fish;;58
59;;Brood Fish;;59
60;;Brood Fish;;60
61;;Brood Fish;;61
62;;Brood Fish;;62
63;;Brown Egg Layers, Feed intake ±aound100 g/bird/day;;64
64;;Brown Egg Layers, Feed intake ±aound100 g/bird/day;;65
65;;Brown Egg Layers, Feed intake around 110 g/bird/day;;64
66;;Brown Egg Layers, Feed intake around 110 g/bird/day;;65
67;;Brown Egg Layers, Feed intake around 120 g/bird/day;;64
68;;Brown Egg Layers, Feed intake around 120 g/bird/day;;65
69;;Brown Egg Layers, Feed intake around 90 g/bird/day;;64
70;;Brown Egg Layers, Feed intake around 90 g/bird/day;;65
71;;Brown egg strain, 0 - 6 weeks, ending aound 500 g BW;;67
72;;Brown egg strain, 0 - 6 weeks, ending aound 500 g BW;;68
73;;Brown egg strain, 12 - 18 weeks, ending around 1500 g BW;;67
74;;Brown egg strain, 12 - 18 weeks, ending around 1500 g BW;;68
75;;Brown egg strain, 18 weeks to 1st egg, ending around 1600 g BW;;67
76;;Brown egg strain, 18 weeks to 1st egg, ending around 1600 g BW;;68
77;;Brown egg strain, 6 - 12 weeks, ending around 1100 g BW;;67
78;;Brown egg strain, 6 - 12 weeks, ending around 1100 g BW;;68
79;;Bulls now weighing around 500kg (1100 lb), with moderate growth intended;;71
80;;Bulls now weighing around 500kg (1100 lb), with moderate growth intended;;72
81;;Bulls now weighing around 635kg (1400 lb), rapid growth intended;;74
82;;Bulls now weighing around 635kg (1400 lb), rapid growth intended;;75
83;;Bulls now weighing around 400kg (900 lb), with moderate growth intended;;71
84;;Bulls now weighing around 400kg (900 lb), with moderate growth intended;;72
85;;Bulls now weighing around 400kg (900 lb), with rapid growth intended;;71
86;;Bulls now weighing around 400kg (900 lb), with rapid growth intended;;72
87;;Bulls now weighing around 450kg (1000 lb), with moderate growth intended;;71
88;;Bulls now weighing around 450kg (1000 lb), with moderate growth intended;;77
89;;Bulls now weighing around 450kg (1000 lb), with moderate growth intended;;78
90;;Bulls now weighing around 450kg (1000 lb), with moderate growth intended;;72
91;;Bulls now weighing around 450kg (1000 lb), with rapid rapid growth intended;;77
92;;Bulls now weighing around 450kg (1000 lb), with rapid rapid growth intended;;78
93;;Bulls now weighing around 450kg (1000 lb), with rapid growth intended;;71
160;;Cows weighing around 400 kg (900 lb);;89
94;;Bulls now weighing around 450kg (1000 lb), with rapid growth intended;;72
95;;Bulls now weighing around 500kg (1100 lb), with moderate growth intended;;77
96;;Bulls now weighing around 500kg (1100 lb), with moderate growth intended;;78
97;;Bulls now weighing around 500kg (1100 lb), with rapid rapid growth intended;;77
98;;Bulls now weighing around 500kg (1100 lb), with rapid rapid growth intended;;78
99;;Bulls now weighing around 500kg (1100 lb), with rapid growth intended;;71
100;;Bulls now weighing around 500kg (1100 lb), with rapid growth intended;;72
101;;Bulls now weighing around 540kg (1200 lb), moderate growth intended;;74
102;;Bulls now weighing around 540kg (1200 lb), moderate growth intended;;75
103;;Bulls now weighing around 540kg (1200 lb), rapid growth intended;;74
104;;Bulls now weighing around 540kg (1200 lb), rapid growth intended;;75
105;;Bulls now weighing around 540kg (1200 lb), with moderate growth intended;;71
106;;Bulls now weighing around 540kg (1200 lb), with moderate growth intended;;77
107;;Bulls now weighing around 540kg (1200 lb), with moderate growth intended;;78
108;;Bulls now weighing around 540kg (1200 lb), with moderate growth intended;;72
109;;Bulls now weighing around 540kg (1200 lb), with rapid rapid growth intended;;77
110;;Bulls now weighing around 540kg (1200 lb), with rapid rapid growth intended;;78
111;;Bulls now weighing around 540kg (1200 lb), with rapid growth intended;;71
112;;Bulls now weighing around 540kg (1200 lb), with rapid growth intended;;72
113;;Bulls now weighing around 590kg (1300 lb), moderate growth intended;;74
114;;Bulls now weighing around 590kg (1300 lb), moderate growth intended;;75
115;;Bulls now weighing around 590kg (1300 lb), rapid growth intended;;74
116;;Bulls now weighing around 590kg (1300 lb), rapid growth intended;;75
117;;Bulls now weighing around 590kg (1300 lb), with moderate growth intended;;77
118;;Bulls now weighing around 590kg (1300 lb), with moderate growth intended;;78
119;;Bulls now weighing around 590kg (1300 lb), with rapid rapid growth intended;;77
120;;Bulls now weighing around 590kg (1300 lb), with rapid rapid growth intended;;78
121;;Bulls now weighing around 610kg (1350 lb), with moderate growth intended;;71
122;;Bulls now weighing around 610kg (1350 lb), with moderate growth intended;;72
123;;Bulls now weighing around 635kg (1400 lb), moderate growth intended;;74
124;;Bulls now weighing around 635kg (1400 lb), moderate growth intended;;75
125;;Bulls now weighing around 660kg (1450 lb), with moderate growth intended;;77
126;;Bulls now weighing around 660kg (1450 lb), with moderate growth intended;;78
127;;Bulls now weighing around 700kg (1550 lb), moderate growth intended;;74
128;;Bulls now weighing around 700kg (1550 lb), moderate growth intended;;75
129;;Bulls now weighing around 700kg (1550 lb), with moderate growth intended;;71
130;;Bulls now weighing around 700kg (1550 lb), with moderate growth intended;;72
131;;Bulls now weighing around 750kg (1650 lb), with moderate growth intended;;77
132;;Bulls now weighing around 750kg (1650 lb), with moderate growth intended;;78
133;;Bulls now weighing around 800kg (1760 lb), moderate growth intended;;74
134;;Bulls now weighing around 800kg (1760 lb), moderate growth intended;;75
135;;Bulls now weighing around 840kg (1850 lb), with moderate growth intended;;77
136;;Bulls now weighing around 840kg (1850 lb), with moderate growth intended;;78
137;;Bulls now weighing around 890kg (1960 lb), moderate growth intended;;74
138;;Bulls now weighing around 890kg (1960 lb), moderate growth intended;;75
139;;Bulls now weighing around 980kg (2160 lb), moderate growth intended;;74
140;;Bulls now weighing around 980kg (2160 lb), moderate growth intended;;75
141;;BW 10 kg (22 lb) to gain around 150 g (0.33 lb)/day;;81
487;;Lactating mares, from foaling to 3 months;;152
142;;BW 10 kg (22 lb) to gain around 150 g (0.33 lb)/day;;82
143;;BW 10 kg (22 lb) to gain around100 g (0.22 lb)/day;;81
144;;BW 10 kg (22 lb) to gain around100 g (0.22 lb)/day;;82
145;;BW 20 kg (44 lb) to gain around 150 g (0.33 lb)/day;;81
146;;BW 20 kg (44 lb) to gain around 150 g (0.33 lb)/day;;82
147;;BW 30 kg (66 lb) to gain around 100 g (0.22 lb)/day;;81
148;;BW 30 kg (66 lb) to gain around 100 g (0.22 lb)/day;;82
149;;BW 30 kg (66 lb) to gain around 150 g (0.33 lb)/day;;81
150;;BW 30 kg (66 lb) to gain around 150 g (0.33 lb)/day;;82
151;;BW 40 kg (88 lb) to gain around 100 g (0.22 lb)/day;;81
152;;BW 40 kg (88 lb) to gain around 100 g (0.22 lb)/day;;82
153;;BW 40 kg (88 lb) to gain around 150 g (0.33 lb)/day;;81
154;;BW 40 kg (88 lb) to gain around 150 g (0.33 lb)/day;;82
155;;Cows and heifers close to calving;;85
156;;Cows and heifers close to calving;;86
157;;Cows and heifers still far from calving;;85
158;;Cows and heifers still far from calving;;86
159;;Cows weighing around 400 kg (900 lb);;88
161;;Cows weighing around 450 kg (1000 lb);;88
162;;Cows weighing around 450 kg (1000 lb);;89
163;;Cows weighing around 500 kg (1100 lb);;88
164;;Cows weighing around 500 kg (1100 lb);;89
165;;Cows weighing around 545 kg (1200 lb);;88
166;;Cows weighing around 545 kg (1200 lb);;89
167;;Cows weighing around 590 kg (1300 lb);;88
168;;Cows weighing around 590 kg (1300 lb);;89
169;;Cows weighing around 630 kg (1400 lb);;88
170;;Cows weighing around 630 kg (1400 lb);;89
171;;Creep feed ration;;92
172;;Creep feed ration;;93
173;;Daily production, around 1 kg (2.2 lb) & 3% butter fat;;95
174;;Daily production, around 1 kg (2.2 lb) & 3% butter fat;;96
175;;Daily production, around 1 kg (2.2 lb) & 4% butter fat;;95
176;;Daily production, around 1 kg (2.2 lb) & 4% butter fat;;96
177;;Daily production, around 1 kg (2.2 lb) & 5% butter fat;;95
178;;Daily production, around 1 kg (2.2 lb) & 5% butter fat;;96
179;;Daily production, around 2 kg (4.4 lb) & 3% butter fat;;95
180;;Daily production, around 2 kg (4.4 lb) & 3% butter fat;;96
181;;Daily production, around 2 kg (4.4 lb) & 4% butter fat;;95
182;;Daily production, around 2 kg (4.4 lb) & 4% butter fat;;96
183;;Daily production, around 2 kg (4.4 lb) & 5% butter fat;;95
184;;Daily production, around 2 kg (4.4 lb) & 5% butter fat;;96
185;;Daily production, around 3 kg (6.6 lb) & 3% butter fat;;95
186;;Daily production, around 3 kg (6.6 lb) & 3% butter fat;;96
187;;Daily production, around 3 kg (6.6 lb) & 4% butter fat;;95
188;;Daily production, around 3 kg (6.6 lb) & 4% butter fat;;96
189;;Daily production, around 3 kg (6.6 lb) & 5% butter fat;;95
190;;Daily production, around 3 kg (6.6 lb) & 5% butter fat;;96
191;;Daily production, around 4 kg (8.8 lb) & 3% butter fat;;95
192;;Daily production, around 4 kg (8.8 lb) & 3% butter fat;;96
193;;Daily production, around 4 kg (8.8 lb) & 4% butter fat;;95
194;;Daily production, around 4 kg (8.8 lb) & 4% butter fat;;96
195;;Daily production, around 4 kg (8.8 lb) & 5% butter fat;;95
196;;Daily production, around 4 kg (8.8 lb) & 5% butter fat;;96
197;;Daily production, around 5 kg (11 lb) & 3% butter fat;;95
198;;Daily production, around 5 kg (11 lb) & 3% butter fat;;96
199;;Daily production, around 5 kg (11 lb) & 4% butter fat;;95
200;;Daily production, around 5 kg (11 lb) & 4% butter fat;;96
201;;Daily production, around 5 kg (11 lb) & 5% butter fat;;95
202;;Daily production, around 5 kg (11 lb) & 5% butter fat;;96
203;;Daily production, around 6 kg (13.2 lb) 3% butter fat;;95
204;;Daily production, around 6 kg (13.2 lb) 3% butter fat;;96
205;;Daily production, around 6 kg (13.2 lb) 4% butter fat;;95
206;;Daily production, around 6 kg (13.2 lb) 4% butter fat;;96
207;;Daily production, around 6 kg (13.2 lb) 5% butter fat;;95
208;;Daily production, around 6 kg (13.2 lb) 5% butter fat;;96
209;;Daily production, around 7 kg (15.4 lb) 3% butter fat;;95
210;;Daily production, around 7 kg (15.4 lb) 3% butter fat;;96
211;;Daily production, around 7 kg (15.4 lb) 4% butter fat;;95
212;;Daily production, around 7 kg (15.4 lb) 4% butter fat;;96
213;;Daily production, around 7 kg (15.4 lb) 5% butter fat;;95
214;;Daily production, around 7 kg (15.4 lb) 5% butter fat;;96
215;;Daily production, around 8 kg (17.6 lb) 3% butter fat;;95
216;;Daily production, around 8 kg (17.6 lb) 3% butter fat;;96
217;;Daily production, around 8 kg (17.6 lb) 4% butter fat;;95
218;;Daily production, around 8 kg (17.6 lb) 4% butter fat;;96
219;;Daily production, around 8 kg (17.6 lb) 5% butter fat;;95
220;;Daily production, around 8 kg (17.6 lb) 5% butter fat;;96
221;;Does and Bucks producing around 1.8 kg (4 lb) yearly;;98
222;;Does and Bucks producing around 1.8 kg (4 lb) yearly;;99
223;;Does and Bucks producing around 4 kg (9 lb) yearly;;98
224;;Does and Bucks producing around 4 kg (9 lb) yearly;;99
225;;Does and Bucks producing around 6 kg (13.2 lb) yearly;;98
226;;Does and Bucks producing around 6 kg (13.2 lb) yearly;;99
227;;Does and Bucks producing around 8 kg (17.6 lb) yearly;;98
228;;Does and Bucks producing around 8 kg (17.6 lb) yearly;;99
229;;Does in Early Gestation, BW of around 80 kg (175 lb);;101
230;;Does in Early Gestation, BW of around 80 kg (175 lb);;102
231;;Does in Early Gestation, BW of around 100 kg (220 lb);;101
232;;Does in Early Gestation, BW of around 100 kg (220 lb);;102
514;;Larval;;62
233;;Does in Late Gestation, BW of around 100 kg (220 lb);;101
234;;Does in Late Gestation, BW of around 100 kg (220 lb);;102
235;;Does in Late Gestation, BW of around 80 kg (175 lb);;101
236;;Does in Late Gestation, BW of around 80 kg (175 lb);;102
237;;Early weaned lambs, from around 40 - 80 kg, moderate to rapid growth;;92
238;;Early weaned lambs, from around 40 - 80 kg, moderate to rapid growth;;93
239;;Early weaned lambs, weighing about 10 kg, moderate to rapid growth;;92
240;;Early weaned lambs, weighing about 10 kg, moderate to rapid growth;;93
241;;Early weaned lambs, weighing about 20 kg, moderate to rapid growth;;92
242;;Early weaned lambs, weighing about 20 kg, moderate to rapid growth;;93
243;;Early weaned lambs, weighing about 30 kg, moderate to rapid growth;;92
244;;Early weaned lambs, weighing about 30 kg, moderate to rapid growth;;93
245;;Early-Lactation ration, 0 - 6 weeks, fed ad lib;;106
246;;Early-Lactation ration, 0 - 6 weeks, fed ad lib;;109
247;;Early-Lactation ration, 0 - 6 weeks, fed ad lib;;112
248;;Early-Lactation ration, 0 - 6 weeks, fed ad lib;;113
249;;Early-Lactation ration, 0 - 6 weeks, fed ad lib;;114
250;;Early-Lactation ration, 0 - 6 weeks, fed ad lib;;115
251;;Females, last third of pregnancy and also during lactation;;117
252;;Females, last third of pregnancy and also during lactation;;118
253;;Females, last third of pregnancy and during lactation;;120
254;;Females, last third of pregnancy and during lactation;;121
256;;Fingerling;;56
257;;Fingerling;;59
258;;Fingerling;;61
259;;Finisher ration, from 36 - 48 weeks;;20
260;;Finisher ration, from 36 - 48 weeks;;21
261;;Finisher ration, from 42 weeks to market weight;;16
262;;Finisher ration, from 42 weeks to market weight;;17
263;;Finishing lambs, of about 30 kg, 4 - 7 months old;;92
264;;Finishing lambs, of about 30 kg, 4 - 7 months old;;93
265;;Finishing lambs, of about 40 kg, 4 - 7 months old;;92
266;;Finishing lambs, of about 40 kg, 4 - 7 months old;;93
267;;Finishing lambs, of about 50 kg, 4 - 7 months old;;92
268;;Finishing lambs, of about 50 kg, 4 - 7 months old;;93
269;;Finishing/Velveting ration, fed ad lib;;109
270;;Finishing/Velveting ration, fed ad lib;;106
271;;Finishing/Velveting ration, fed ad lib;;112
272;;Finishing/Velveting ration, fed ad lib;;113
273;;Finishing/Velveting ration, fed ad lib;;114
274;;Finishing/Velveting ration, fed ad lib;;115
275;;Flushing, 2 wks pre- to 3 weeks in breeding;;123
276;;Flushing, 2 wks pre- to 3 weeks in breeding;;125
277;;Flushing, 2 wks pre- to 3 weeks in breeding;;126
278;;Flushing, 2 wks pre- to 3 weeks in breeding;;127
279;;Fresh Cows, producing around 25 Kg (55 lb) milk with 3,0 % Fat & 3-4 % Protein;;130
280;;Fresh Cows, producing around 25 Kg (55 lb) milk with 3,0 % Fat & 3-4 % Protein;;131
281;;Fresh Cows, producing around 25 Kg (55 lb) milk with 4,0 % Fat & 3-4 % Protein;;133
282;;Fresh Cows, producing around 25 Kg (55 lb) milk with 4,0 % Fat & 3-4 % Protein;;135
283;;Fresh Cows, producing around 25 Kg (55 lb) milk with 4,0 % Fat & 3-4 % Protein;;136
284;;Fresh Cows, producing around 25 Kg (55 lb) milk with 4,0 % Fat & 3-4 % Protein;;137
285;;Fresh Cows, producing around 25 Kg (55 lb) milk with 5,0 % Fat & 3-4 % Protein;;139
286;;Fresh Cows, producing around 25 Kg (55 lb) milk with 5,0 % Fat & 3-4 % Protein;;140
287;;Fresh Cows, producing around 35 Kg (77 lb) milk with 3,0 % Fat & 3-4 % Protein;;130
288;;Fresh Cows, producing around 35 Kg (77 lb) milk with 3,0 % Fat & 3-4 % Protein;;131
289;;Fresh Cows, producing around 35 Kg (77 lb) milk with 4,0 % Fat & 3-4 % Protein;;133
290;;Fresh Cows, producing around 35 Kg (77 lb) milk with 4,0 % Fat & 3-4 % Protein;;135
291;;Fresh Cows, producing around 35 Kg (77 lb) milk with 4,0 % Fat & 3-4 % Protein;;136
292;;Fresh Cows, producing around 35 Kg (77 lb) milk with 4,0 % Fat & 3-4 % Protein;;137
293;;Fresh Cows, producing around 35 Kg (77 lb) milk with 5,0 % Fat & 3-4 % Protein;;139
294;;Fresh Cows, producing around 35 Kg (77 lb) milk with 5,0 % Fat & 3-4 % Protein;;140
295;;Fry;;54
296;;Fry;;56
297;;Fry;;59
298;;Fry;;61
299;;Gestating ewes, 1st 15 weeks of pregnancy;;123
300;;Gestating ewes, 1st 15 weeks of pregnancy;;126
301;;Gestating ewes, last 4 wks, with an expected lambing rate of 135-150%;;123
302;;Gestating ewes, last 4 wks, with an expected lambing rate of 135-150%;;126
303;;Gestating ewes, last 4 wks, with an expected lambing rate of 180-225%;;123
304;;Gestating ewes, last 4 wks, with an expected lambing rate of 180-225%;;126
305;;Gestating ewes: Last 4 weeks, and 110 - 120 % lambing rate expected;;125
306;;Gestating ewes: Last 4 weeks, and 110 - 120 % lambing rate expected;;127
307;;Gestating ewes: Last 4 weeks, and 130 -175 % lambing rate expected;;125
308;;Gestating ewes: Last 4 weeks, and 130 -175 % lambing rate expected;;127
309;;Gestating, BW of 125 kg (275 lb), anticipating 11 in litter;;142
310;;Gestating, BW of 125 kg (275 lb), anticipating 11 in litter;;143
311;;Gestating, BW of 150 kg (330 lb), anticipating 12 in litter ;;142
312;;Gestating, BW of 150 kg (330 lb), anticipating 12 in litter ;;143
313;;Gestating, BW of 175 kg (385 lb), anticipating 12 in litter ;;142
314;;Gestating, BW of 175 kg (385 lb), anticipating 12 in litter ;;143
315;;Gestating, BW of 200 kg (440 lb), anticipating 12 in litter;;142
316;;Gestating, BW of 200 kg (440 lb), anticipating 12 in litter;;143
317;;Gestating, BW of 200 kg (440 lb), anticipating 14 in litter;;142
318;;Gestating, BW of 200 kg (440 lb), anticipating 14 in litter;;143
319;;Gestating, first Pregnancy: 1st 15 ewes weeks;;125
320;;Gestating, first Pregnancy: 1st 15 ewes weeks;;127
321;;Gestation ration;;145
322;;Gestation ration;;146
323;;Gilts, BW, 80 - 120 kg (175 - 265 lb), to gain 325 g/day;;7
324;;Gilts, BW, 80 - 120 kg (175 - 265 lb), to gain 325 g/day;;8
325;;Gilts, BW, 80 - 120 kg (175 -265 lb), to gain 300 g/day;;7
326;;Gilts, BW, 80 - 120 kg (175 -265 lb), to gain 300 g/day;;8
327;;Gilts, BW, 80 - 120 kg (175 -265 lb), to gain 350 g/day;;7
328;;Gilts, BW, 80 - 120 kg (175 -265 lb), to gain 350 g/day;;8
329;;Gilts, BW: 50 - 80 kg (110 - 175 lb), to gain 300 g/day;;7
330;;Gilts, BW: 50 - 80 kg (110 - 175 lb), to gain 300 g/day;;8
331;;Gilts, BW: 50 - 80 kg (110 - 175 lb), to gain 325 g/day;;7
332;;Gilts, BW: 50 - 80 kg (110 - 175 lb), to gain 325 g/day;;8
333;;Gilts, BW: 50 - 80 kg (110 - 175 lb), to gain 350 g/day;;7
334;;Gilts, BW: 50 - 80 kg (110 - 175 lb), to gain 350 g/day;;8
335;;Grower;;54
336;;Grower;;56
337;;Grower;;59
338;;Grower;;61
339;;Grower ration for Ducklings of mixed gender, 2 - 7 weeks old;;36
340;;Grower ration for Ducklings of mixed gender, 2 - 7 weeks old;;37
341;;Grower ration for Goslings of mixed gender, after 4 weeks of age;;40
342;;Grower ration for Goslings of mixed gender, after 4 weeks of age;;41
343;;Grower ration for Pheasant chicks of mixed gender, 4 - 8 weeks of age;;44
344;;Grower ration for Pheasant chicks of mixed gender, 4 - 8 weeks of age;;45
345;;Grower ration for Pheasant chicks of mixed gender, 9 - 17 weeks of age;;44
346;;Grower ration for Pheasant chicks of mixed gender, 9 - 17 weeks of age;;45
347;;Grower ration, 3 - 6 months, fed ad lib;;109
348;;Grower ration, 3 - 6 months, fed ad lib;;106
349;;Grower ration, 3 - 6 months, fed ad lib;;112
350;;Grower ration, 3 - 6 months, fed ad lib;;113
351;;Grower ration, 3 - 6 months, fed ad lib;;114
352;;Grower ration, 3 - 6 months, fed ad lib;;115
353;;Grower ration, 6 - 36 weeks of age;;20
354;;Grower ration, 6 - 36 weeks of age;;21
355;;Grower ration, 6 - 9 months, fed ad lib;;109
356;;Grower ration, 6 - 9 months, fed ad lib;;106
357;;Grower ration, 6 - 9 months, fed ad lib;;112
358;;Grower ration, 6 - 9 months, fed ad lib;;113
359;;Grower ration, 6 - 9 months, fed ad lib;;114
360;;Grower ration, 6 - 9 months, fed ad lib;;115
361;;Grower ration, 9 - 18 months, fed ad lib;;106
362;;Grower ration, 9 - 18 months, fed ad lib;;109
363;;Grower ration, 9 - 18 months, fed ad lib;;112
364;;Grower ration, 9 - 18 months, fed ad lib;;113
365;;Grower ration, 9 - 18 months, fed ad lib;;114
366;;Grower ration, 9 - 18 months, fed ad lib;;115
367;;Grower ration, 9 - 42 weeks of age;;16
368;;Grower ration, 9 - 42 weeks of age;;17
369;;Grower rations for calves 4 to 12 months of age fed grass hay/-pasture;;148
370;;Grower rations for calves 4 to 12 months of age fed grass hay/-pasture;;149
371;;Grower rations for calves 4 to 12 months of age fed legume hay/pasture;;148
372;;Grower rations for calves 4 to 12 months of age fed legume hay/pasture;;149
373;;Grower rations for calves 4 to 12 months of age fed legume-grass hay/-pasture;;148
374;;Grower rations for calves 4 to 12 months of age fed legume-grass hay/-pasture;;149
375;;Grower: 10 g to harvest;;52
376;;Grower: 10 g to harvest;;58
377;;Grower: 10 g to harvest;;60
378;;Grower: 10 g to harvest;;62
379;;Growing and Finishing lambs, of about 30 kg, under 4 months old;;92
592;;Non Competitive, Pelleted Mix;;29
380;;Growing and Finishing lambs, of about 30 kg, under 4 months old;;93
381;;Growing dogs, 14 weeks onwards and up to maturity;;120
382;;Growing dogs, 14 weeks onwards and up to maturity;;121
383;;Growing kittens, from 15 weeks and older to maturity;;117
384;;Growing kittens, from 15 weeks and older to maturity;;118
385;;Growing Turkeys, 0 - 4 weeks of age, males and or females;;32
386;;Growing Turkeys, 0 - 4 weeks of age, males and or females;;33
387;;Growing Turkeys, 4 - 8 weeks of age, males and or females;;32
388;;Growing Turkeys, 4 - 8 weeks of age, males and or females;;33
389;;"Growing Turkeys, males 12 - 16 weeks of age; females 11 - 14 wks";;32
390;;"Growing Turkeys, males 12 - 16 weeks of age; females 11 - 14 wks";;33
391;;"Growing Turkeys, males 16 - 20 weeks of age; females 14 - 17 wks";;32
392;;"Growing Turkeys, males 16 - 20 weeks of age; females 14 - 17 wks";;33
393;;"Growing Turkeys, males 20 - 24 weeks of age; females 17 - 20 wks";;32
394;;"Growing Turkeys, males 20 - 24 weeks of age; females 17 - 20 wks";;33
395;;"Growing Turkeys, males 8 - 12 weeks of age; females 8 - 11 wks";;32
396;;"Growing Turkeys, males 8 - 12 weeks of age; females 8 - 11 wks";;33
397;;Growth and finisher ration;;145
398;;Growth and finisher ration;;146
399;;Horses Doing Intense work;;152
400;;Horses Doing Intense work;;153
401;;Horses Doing Light work;;152
402;;Horses Doing Light work;;153
403;;Horses Doing Moderate work;;152
404;;Horses Doing Moderate work;;153
405;;In Early lactation, producing around 15 Kg (33 lb) milk with 5,0 % Fat & 3-4 % Protein;;139
406;;In Early lactation, producing around 15 Kg (33 lb) milk with 5,0 % Fat & 3-4 % Protein;;140
407;;In Early lactation, producing around 22,5 Kg (50 lb) milk with 5,0 % Fat & 3-4 % Protein;;139
408;;In Early lactation, producing around 22,5 Kg (50 lb) milk with 5,0 % Fat & 3-4 % Protein;;140
409;;In Early lactation, producing around 30 Kg (66 lb) milk with 5,0 % Fat & 3-4 % Protein;;139
410;;In Early lactation, producing around 30 Kg (66 lb) milk with 5,0 % Fat & 3-4 % Protein;;140
411;;In Early lactation, producing around 35 Kg (77 lb) milk with 4,0 % Fat & 3-4 % Protein;;133
412;;In Early lactation, producing around 35 Kg (77 lb) milk with 4,0 % Fat & 3-4 % Protein;;137
413;;In early lactation, producing around 55 Kg (120 lb) milk with 3,0 % Fat & 3-4 % Protein;;130
414;;In early lactation, producing around 55 Kg (120 lb) milk with 3,0 % Fat & 3-4 % Protein;;131
415;;In Early lactation, producing around 55 Kg (120 lb) milk with 4,0 % Fat & 3-4 % Protein;;135
416;;In Early lactation, producing around 55 Kg (120 lb) milk with 4,0 % Fat & 3-4 % Protein;;136
417;;In late lactation, producing around 25 Kg (55 lb) milk with 3,0 % Fat & 3-4 % Protein;;130
418;;In late lactation, producing around 25 Kg (55 lb) milk with 3,0 % Fat & 3-4 % Protein;;131
419;;In late lactation, producing around 25 Kg (55 lb) milk with 4,0 % Fat & 3-4 % Protein;;133
420;;In late lactation, producing around 25 Kg (55 lb) milk with 4,0 % Fat & 3-4 % Protein;;135
421;;In late lactation, producing around 25 Kg (55 lb) milk with 4,0 % Fat & 3-4 % Protein;;136
422;;In late lactation, producing around 25 Kg (55 lb) milk with 4,0 % Fat & 3-4 % Protein;;137
423;;In late lactation, producing around 25 Kg (55 lb) milk with 5,0 % Fat & 3-4 % Protein;;139
488;;Lactating mares, from foaling to 3 months;;153
424;;In late lactation, producing around 25 Kg (55 lb) milk with 5,0 % Fat & 3-4 % Protein;;140
425;;In late lactation, producing around 35 Kg (77 lb) milk with 3,0 % Fat & 3-4 % Protein;;130
426;;In late lactation, producing around 35 Kg (77 lb) milk with 3,0 % Fat & 3-4 % Protein;;131
427;;In late lactation, producing around 35 Kg (77 lb) milk with 4,0 % Fat & 3-4 % Protein;;133
428;;In late lactation, producing around 35 Kg (77 lb) milk with 4,0 % Fat & 3-4 % Protein;;135
429;;In late lactation, producing around 35 Kg (77 lb) milk with 4,0 % Fat & 3-4 % Protein;;136
430;;In late lactation, producing around 35 Kg (77 lb) milk with 4,0 % Fat & 3-4 % Protein;;137
431;;In late lactation, producing around 35 Kg (77 lb) milk with 5,0 % Fat & 3-4 % Protein;;139
432;;In late lactation, producing around 35 Kg (77 lb) milk with 5,0 % Fat & 3-4 % Protein;;140
433;;In mid-lactation, prodcing around 55 Kg (120 lb) milk with 3,0 % Fat & 3-4 % Protein;;130
434;;In mid-lactation, prodcing around 55 Kg (120 lb) milk with 3,0 % Fat & 3-4 % Protein;;131
435;;In mid-lactation, producing around 25 Kg (55 lb) milk with 3,0 % Fat & 3-4 % Protein;;130
436;;In mid-lactation, producing around 25 Kg (55 lb) milk with 3,0 % Fat & 3-4 % Protein;;131
437;;In mid-lactation, producing around 25 Kg (55 lb) milk with 4,0 % Fat & 3-4 % Protein;;133
438;;In mid-lactation, producing around 25 Kg (55 lb) milk with 4,0 % Fat & 3-4 % Protein;;135
439;;In mid-lactation, producing around 25 Kg (55 lb) milk with 4,0 % Fat & 3-4 % Protein;;136
440;;In mid-lactation, producing around 25 Kg (55 lb) milk with 4,0 % Fat & 3-4 % Protein;;137
441;;In mid-lactation, producing around 25 Kg (55 lb) milk with 5,0 % Fat & 3-4 % Protein;;139
442;;In mid-lactation, producing around 25 Kg (55 lb) milk with 5,0 % Fat & 3-4 % Protein;;140
443;;In mid-lactation, producing around 35 Kg (77 lb) milk with 3,0 % Fat & 3-4 % Protein;;130
444;;In mid-lactation, producing around 35 Kg (77 lb) milk with 3,0 % Fat & 3-4 % Protein;;131
445;;In mid-lactation, producing around 35 Kg (77 lb) milk with 4,0 % Fat & 3-4 % Protein;;133
446;;In mid-lactation, producing around 35 Kg (77 lb) milk with 4,0 % Fat & 3-4 % Protein;;135
447;;In mid-lactation, producing around 35 Kg (77 lb) milk with 4,0 % Fat & 3-4 % Protein;;136
448;;In mid-lactation, producing around 35 Kg (77 lb) milk with 4,0 % Fat & 3-4 % Protein;;137
449;;In mid-lactation, producing around 35 Kg (77 lb) milk with 5,0 % Fat & 3-4 % Protein;;139
450;;In mid-lactation, producing around 35 Kg (77 lb) milk with 5,0 % Fat & 3-4 % Protein;;140
451;;In mid-lactation, producing around 40 Kg (88 lb) milk with 4,0 % Fat & 3-4 % Protein;;133
452;;In mid-lactation, producing around 40 Kg (88 lb) milk with 4,0 % Fat & 3-4 % Protein;;137
453;;In mid-lactation, producing around 40 Kg (88 lb) milk with 5,0 % Fat & 3-4 % Protein;;139
454;;In mid-lactation, producing around 40 Kg (88 lb) milk with 5,0 % Fat & 3-4 % Protein;;140
455;;In mid-lactation, producing around 45 Kg (99 lb) milk with 3,0 % Fat & 3-4 % Protein;;130
456;;In mid-lactation, producing around 45 Kg (99 lb) milk with 3,0 % Fat & 3-4 % Protein;;131
457;;In mid-lactation, producing around 45 Kg (99 lb) milk with 4,0 % Fat & 3-4 % Protein;;135
458;;In mid-lactation, producing around 45 Kg (99 lb) milk with 4,0 % Fat & 3-4 % Protein;;136
459;;In mid-lactation, producing around 55 Kg (120 lb) milk with 4,0 % Fat & 3-4 % Protein;;135
460;;In mid-lactation, producing around 55 Kg (120 lb) milk with 4,0 % Fat & 3-4 % Protein;;136
461;;Japanese Quail, Starter cum Grower ration for chicks;;12
462;;Japanese Quail, Starter cum Grower ration for chicks;;13
463;;Japanesese Quail, Breeder ration;;12
464;;Japanesese Quail, Breeder ration;;13
465;;Juvenile;;54
466;;Juvenile;;56
467;;Juvenile;;59
468;;Juvenile;;61
469;;Juvenile: 1 g to 10 g;;52
470;;Juvenile: 1 g to 10 g;;58
471;;Juvenile: 1 g to 10 g;;60
472;;Juvenile: 1 g to 10 g;;62
473;;Lactacting cows on grass hay, grass pasture or grass silage;;155
474;;Lactacting cows on grass hay, grass pasture or grass silage;;156
475;;Lactating cows on a mixed legume-grass hay, -pasture or -silage;;155
476;;Lactating cows on a mixed legume-grass hay, -pasture or -silage;;156
477;;Lactating cows on legume hay or legume pasture or legume silage;;155
478;;Lactating cows on legume hay or legume pasture or legume silage;;156
479;;Lactating mares, from 3 months to weaning;;152
480;;Lactating mares, from 3 months to weaning;;153
481;;Lactating mares, from 3 months to weaning, fed at 0.5% of BW;;159
482;;Lactating mares, from 3 months to weaning, fed at 0.5% of BW;;160
483;;Lactating mares, from 3 months to weaning, fed at 1% of BW;;162
484;;Lactating mares, from 3 months to weaning, fed at 1% of BW;;163
485;;Lactating mares, from 3 months to weaning, to be fed ad lib;;165
486;;Lactating mares, from 3 months to weaning, to be fed ad lib;;166
489;;Lactating mares, from foaling to 3 months, fed at 0.5% of BW;;159
490;;Lactating mares, from foaling to 3 months, fed at 0.5% of BW;;160
491;;Lactating mares, from foaling to 3 months, fed at 1% of BW;;162
492;;Lactating mares, from foaling to 3 months, fed at 1% of BW;;163
493;;Lactating mares, from foaling to 3 months, to be fed ad lib;;165
494;;Lactating mares, from foaling to 3 months, to be fed ad lib;;166
495;;Lactation ration for does and litter fed one (same) feed;;145
496;;Lactation ration for does and litter fed one (same) feed;;146
497;;Lactation ration for does only;;145
498;;Lactation ration for does only;;146
499;;Lactation, First 6-8 wks suckling singles;;123
500;;Lactation, First 6-8 wks suckling singles;;125
501;;Lactation, First 6-8 wks suckling singles;;126
502;;Lactation, First 6-8 wks suckling singles;;127
503;;Lactation, First 6-8 wks suckling twins;;123
504;;Lactation, First 6-8 wks suckling twins;;125
505;;Lactation, First 6-8 wks suckling twins;;126
506;;Lactation, First 6-8 wks suckling twins;;127
507;;Lactation, Last 4-6 wks suckling singles;;123
508;;Lactation, Last 4-6 wks suckling singles;;126
509;;Lactation, Last 4-6 wks suckling twins;;123
510;;Lactation, Last 4-6 wks suckling twins;;126
511;;Larval;;52
512;;Larval;;58
513;;Larval;;60
515;;Late-Gestation ration, 24 - 36 weeks, fed ad lib;;106
516;;Late-Gestation ration, 24 - 36 weeks, fed ad lib;;109
517;;Late-Gestation ration, 24 - 36 weeks, fed ad lib;;112
518;;Late-Gestation ration, 24 - 36 weeks, fed ad lib;;113
519;;Late-Gestation ration, 24 - 36 weeks, fed ad lib;;114
520;;Late-Gestation ration, 24 - 36 weeks, fed ad lib;;115
521;;Long yearling ration, at 18 months of age, to be fed ad lib;;165
522;;Long yearling ration, at 18 months of age, to be fed ad lib;;166
523;;Long yearling supplement, at 18 months of age, fed at 0.5% of BW;;159
524;;Long yearling supplement, at 18 months of age, fed at 0.5% of BW;;160
525;;Long yearling supplement, at 18 months of age, fed at 1% of BW;;162
526;;Long yearling supplement, at 18 months of age, fed at 1% of BW;;163
527;;Long yearling, 18 months - Not in training;;168
528;;Long yearling, 18 months - Not in training;;169
529;;Lost 10 kg (22 lb), and Piglets gaining 150 g/day (0.33 lb);;171
530;;Lost 10 kg (22 lb), and Piglets gaining 150 g/day (0.33 lb);;172
531;;Lost 10 kg (22 lb), and Piglets gaining 200 g/day (0.44 lb);;171
532;;Lost 10 kg (22 lb), and Piglets gaining 200 g/day (0.44 lb);;172
533;;Lost 10 kg (22 lb), and Piglets gaining 250 g/day (0.55 lb);;171
534;;Lost 10 kg (22 lb), and Piglets gaining 250 g/day (0.55 lb);;172
535;;Maintaining BW, and Piglets gaining 150 g/day (0.33 lb);;171
536;;Maintaining BW, and Piglets gaining 150 g/day (0.33 lb);;172
537;;Maintaining BW, and Piglets gaining 200 g/day (0.44 lb);;171
538;;Maintaining BW, and Piglets gaining 200 g/day (0.44 lb);;172
539;;Maintaining BW, and Piglets gaining 250 g/day (0.55 lb);;171
540;;Maintaining BW, and Piglets gaining 250 g/day (0.55 lb);;172
541;;Maintenance ration;;145
542;;Maintenance ration;;146
543;;Maintenance ration, BW of around 100 kg (220 lb);;101
544;;Maintenance ration, BW of around 100 kg (220 lb);;102
545;;Maintenance ration, Adult Mares and Stallions, to be fed ad lib;;165
546;;Maintenance ration, Adult Mares and Stallions, to be fed ad lib;;166
547;;Maintenance ration, fed ad lib;;106
548;;Maintenance ration, fed ad lib;;109
549;;Maintenance ration, fed ad lib;;112
550;;Maintenance ration, fed ad lib;;113
551;;Maintenance ration, fed ad lib;;114
552;;Maintenance ration, fed ad lib;;115
553;;Maintenance supplement, Adult Mares and Stallions, fed at 0.5% of BW;;159
554;;Maintenance supplement, Adult Mares and Stallions, fed at 0.5% of BW;;160
555;;Maintenance supplement, Adult Mares and Stallions, fed at 1% of BW;;162
556;;Maintenance supplement, Adult Mares and Stallions, fed at 1% of BW;;163
557;;Maintenance, adult cats;;117
558;;Maintenance, adult cats;;118
559;;Maintenance, adult dogs;;120
560;;Maintenance, adult dogs;;121
561;;Maintenance, Mares;;152
562;;Maintenance, Mares;;153
563;;Maintenance, mature ewes and or wethers;;123
564;;Maintenance, mature ewes and or wethers;;126
565;;Maintenance, Stallions;;152
566;;Maintenance, Stallions;;153
567;;Mid-Gestation ration, 12 - 24 weeks, fed ad lib;;109
568;;Mid-Gestation ration, 12 - 24 weeks, fed ad lib;;106
569;;Mid-Gestation ration, 12 - 24 weeks, fed ad lib;;112
570;;Mid-Gestation ration, 12 - 24 weeks, fed ad lib;;113
571;;Mid-Gestation ration, 12 - 24 weeks, fed ad lib;;114
572;;Mid-Gestation ration, 12 - 24 weeks, fed ad lib;;115
573;;Mid-Lactation ration, 6 - 12 weeks, fed ad lib;;106
574;;Mid-Lactation ration, 6 - 12 weeks, fed ad lib;;109
575;;Mid-Lactation ration, 6 - 12 weeks, fed ad lib;;112
576;;Mid-Lactation ration, 6 - 12 weeks, fed ad lib;;113
577;;Mid-Lactation ration, 6 - 12 weeks, fed ad lib;;114
578;;Mid-Lactation ration, 6 - 12 weeks, fed ad lib;;115
579;;Milk Replacer, 22 % CP;;175
580;;Milk Replacer, 22 % CP;;176
581;;Milk Replacer, 26 % CP;;175
582;;Milk Replacer, 26 % CP;;176
583;;Mixed Gender Pig Creep, from 3.5 to 4 weeks or later;;178
584;;Mixed Gender Pig Creep, from 3.5 to 4 weeks or later;;179
585;;Mixed Gender Pig Grower, BW: 10 - 20 kg (22 - 44 lb);;178
586;;Mixed Gender Pig Grower, BW: 10 - 20 kg (22 - 44 lb);;179
587;;Mixed Gender Pig Grower, BW: 20 - 50 kg (44 - 110 lb);;178
588;;Mixed Gender Pig Grower, BW: 20 - 50 kg (44 - 110 lb);;179
589;;Mixed Gender Pig Starter, BW: 5 - 10 kg (11 - 22 lb);;178
590;;Mixed Gender Pig Starter, BW: 5 - 10 kg (11 - 22 lb);;179
591;;Non Competitive, Pelleted Mix;;28
593;;Non-pregnant cows weighing around 450 kg (1000 lb);;181
594;;Non-pregnant cows weighing around 450 kg (1000 lb);;182
595;;Non-pregnant cows weighing around 500 kg (1100 lb);;181
596;;Non-pregnant cows weighing around 500 kg (1100 lb);;182
597;;Non-pregnant cows weighing around 545 kg (1200 lb);;181
598;;Non-pregnant cows weighing around 545 kg (1200 lb);;182
599;;Now weighing around 400 kg (900 lb);;184
600;;Now weighing around 400 kg (900 lb);;185
601;;Now weighing around 450 kg (1000 lb);;184
602;;Now weighing around 450 kg (1000 lb);;185
603;;Now weighing around 500 kg (1100 lb);;184
604;;Now weighing around 500 kg (1100 lb);;185
605;;Now weighing around 545 kg (1200 lb);;184
606;;Now weighing around 545 kg (1200 lb);;185
607;;Now weighing around 590 kg (1300 lb);;184
608;;Now weighing around 590 kg (1300 lb);;185
609;;Now weighing around 630 kg (1400 lb);;184
610;;Now weighing around 630 kg (1400 lb);;185
611;;Post Larval, 1 to 25 days;;52
612;;Post Larval, 1 to 25 days;;58
613;;Post Larval, 1 to 25 days;;60
614;;Post Larval, 1 to 25 days;;62
615;;Post Larval, 25 days to 1 gram;;52
616;;Post Larval, 25 days to 1 gram;;58
617;;Post Larval, 25 days to 1 gram;;60
618;;Post Larval, 25 days to 1 gram;;62
619;;Pregnant cows during last 90 days of gestation weighing around 450 kg (1000 lb);;181
620;;Pregnant cows during last 90 days of gestation weighing around 450 kg (1000 lb);;182
621;;Pregnant cows during last 90 days of gestation weighing around 500 kg (1100 lb);;181
622;;Pregnant cows during last 90 days of gestation weighing around 500 kg (1100 lb);;182
623;;Pregnant cows during last 90 days of gestation weighing around 545 kg (1200 lb);;181
624;;Pregnant cows during last 90 days of gestation weighing around 545 kg (1200 lb);;182
625;;Pregnant mare ration, at 11 months, to be fed ad lib;;165
626;;Pregnant mare ration, at 11 months, to be fed ad lib;;166
627;;Pregnant mare ration, at 9 months, to be fed ad lib;;165
628;;Pregnant mare ration, at 9 months, to be fed ad lib;;166
629;;Pregnant mare supplement, at 11 months, fed at 0.5% of BW;;159
630;;Pregnant mare supplement, at 11 months, fed at 0.5% of BW;;160
631;;Pregnant mare supplement, at 11 months, fed at 1% of BW;;162
632;;Pregnant mare supplement, at 11 months, fed at 1% of BW;;163
633;;Pregnant mare supplement, at 9 months, fed at 0.5% of BW;;159
634;;Pregnant mare supplement, at 9 months, fed at 0.5% of BW;;160
635;;Pregnant mare supplement, at 9 months, fed at 1% of BW;;162
636;;Pregnant mare supplement, at 9 months, fed at 1% of BW;;163
637;;Pregnant mares, 10 months;;152
638;;Pregnant mares, 10 months;;153
639;;Pregnant mares, 11 months;;152
640;;Pregnant mares, 11 months;;153
641;;Pregnant mares, 9 months;;152
642;;Pregnant mares, 9 months;;153
643;;Pre-starter for calves fed milk or milk replacer;;175
644;;Pre-starter for calves fed milk or milk replacer;;176
645;;Pre-starter for calves fed skimmed milk;;175
646;;Pre-starter for calves fed skimmed milk;;176
647;;Pre-starter for calves fed skimmed milk whey;;175
648;;Pre-starter for calves fed skimmed milk whey;;176
649;;Race Condtioning, Pelleted Mix;;28
650;;Race Condtioning, Pelleted Mix;;29
651;;Race Fit, Pelleted Mix;;28
652;;Race Fit, Pelleted Mix;;29
653;;Rations for Heifers from about 6 months old to maturity, now weighing 200 kg (440 lb);;148
654;;Rations for Heifers from about 6 months old to maturity, now weighing 200 kg (440 lb);;149
655;;Rations for Heifers from about 6 months old to maturity, now weighing 300 kg (660 lb);;148
656;;Rations for Heifers from about 6 months old to maturity, now weighing 300 kg (660 lb);;149
657;;Rations for Heifers from about 6 months old to maturity, now weighing 450 kg (990 lb);;148
658;;Rations for Heifers from about 6 months old to maturity, now weighing 450 kg (990 lb);;149
659;;Rations for Heifers from about 6 months old to maturity, now weighing 625 kg (1375 lb);;148
660;;Rations for Heifers from about 6 months old to maturity, now weighing 625 kg (1375 lb);;149
661;;Receiving grass hay, grass pasture or grass silage;;187
662;;Receiving grass hay, grass pasture or grass silage;;188
663;;Receiving mixed legume-grass hay, -pasture or -silage;;187
664;;Receiving mixed legume-grass hay, -pasture or -silage;;188
665;;Receiving very little or no roughage, drought-type condtions;;187
666;;Receiving very little or no roughage, drought-type condtions;;188
667;;Receivng legume hay or legume pasture or legume silage;;187
668;;Receivng legume hay or legume pasture or legume silage;;188
669;;Replacement ewe lambs, 50-70 kg BW;;190
670;;Replacement ewe lambs, 50-70 kg BW;;191
671;;Replacement ewe lambs, of about 30 kg BW;;190
672;;Replacement ewe lambs, of about 30 kg BW;;191
673;;Replacement ewe lambs, of about 40 kg BW;;190
674;;Replacement ewe lambs, of about 40 kg BW;;191
675;;Replacement Ram lambs, 80-100 kg BW;;190
676;;Replacement Ram lambs, 80-100 kg BW;;191
677;;Replacement Ram lambs, of about 40 kg BW;;190
678;;Replacement Ram lambs, of about 40 kg BW;;191
679;;Replacement Ram lambs, of about 60 kg BW;;190
680;;Replacement Ram lambs, of about 60 kg BW;;191
681;;Sexually active Boars;;193
682;;Sexually active Boars;;194
683;;Starter ration for calves fed milk or milk replacer and receiving forage;;175
684;;Starter ration for calves fed milk or milk replacer and receiving forage;;176
685;;Starter ration for calves fed milk or milk replacer and receiving no forage;;175
686;;Starter ration for calves fed milk or milk replacer and receiving no forage;;176
687;;Starter ration for calves fed skimmed milk and receiving forage;;175
688;;Starter ration for calves fed skimmed milk and receiving forage;;176
689;;Starter ration for calves fed skimmed milk and receiving no forage;;175
690;;Starter ration for calves fed skimmed milk and receiving no forage;;176
691;;Starter ration for calves fed whey and receiving forage;;175
692;;Starter ration for calves fed whey and receiving forage;;176
693;;Starter ration for calves fed whey and receiving no forage;;175
694;;Starter ration for calves fed whey and receiving no forage;;176
695;;Starter ration for Ducklings of mixed gender, 0 - 2 weeks old;;36
696;;Starter ration for Ducklings of mixed gender, 0 - 2 weeks old;;37
697;;Starter ration for Goslings of mixed gender, 0 - 4 weeks old;;40
698;;Starter ration for Goslings of mixed gender, 0 - 4 weeks old;;41
699;;Starter ration for Pheasant chicks of mixed gender, 0 - 4 weeks old;;44
700;;Starter ration for Pheasant chicks of mixed gender, 0 - 4 weeks old;;45
701;;Starter ration, 0 - 6 weeks of age;;20
702;;Starter ration, 0 - 6 weeks of age;;21
703;;Starter ration, 0 - 9 weeks of age;;16
704;;Starter ration, 0 - 9 weeks of age;;17
705;;Starting from around 135kg (300lb), with moerat growth to finish in about 13.1 months;;196
706;;Starting from around 135kg (300lb), with moerat growth to finish in about 13.1 months;;197
707;;Starting from around 135kg (300lb), with rapid growth to finish in about 8.75 months;;196
708;;Starting from around 135kg (300lb), with rapid growth to finish in about 8.75 months;;197
709;;Starting from around 180kg (400lb), with moderate growth to finish in about 11.5 months;;196
710;;Starting from around 180kg (400lb), with moderate growth to finish in about 11.5 months;;197
711;;Starting from around 180kg (400lb), with rapid growth to finish in about 7.65 months;;196
712;;Starting from around 180kg (400lb), with rapid growth to finish in about 7.65 months;;197
713;;Starting from around 225kg (500lb), with moderate growth to finish in about 9.8 months;;196
714;;Starting from around 225kg (500lb), with moderate growth to finish in about 9.8 months;;197
715;;Starting from around 225kg (500lb), with rapid growth to finish in about 6.6 months;;196
716;;Starting from around 225kg (500lb), with rapid growth to finish in about 6.6 months;;197
717;;Starting from around 270kg (600lb), with moderate growth to finish in about 8.2 months;;196
718;;Starting from around 270kg (600lb), with moderate growth to finish in about 8.2 months;;197
719;;Starting from around 270kg (600lb), with rapid growth to finish in about 5.5 months;;196
720;;Starting from around 270kg (600lb), with rapid growth to finish in about 5.5 months;;197
721;;Starting from around 320kg (700lb), with moderate growth to finish in about 6.6 months;;196
722;;Starting from around 320kg (700lb), with moderate growth to finish in about 6.6 months;;197
723;;Starting from around 320kg (700lb), with rapid growth to finish in about 4.37 months;;196
724;;Starting from around 320kg (700lb), with rapid growth to finish in about 4.37 months;;197
725;;Supplement mix for early-Lactation, 0 - 6 weeks, fed at 0.5% of BW;;199
726;;Supplement mix for early-Lactation, 0 - 6 weeks, fed at 0.5% of BW;;201
727;;Supplement mix for early-Lactation, 0 - 6 weeks, fed at 0.5% of BW;;203
728;;Supplement mix for early-Lactation, 0 - 6 weeks, fed at 0.5% of BW;;204
729;;Supplement mix for early-Lactation, 0 - 6 weeks, fed at 0.5% of BW;;205
730;;Supplement mix for early-Lactation, 0 - 6 weeks, fed at 0.5% of BW;;206
731;;Supplement mix for early-Lactation, 0 - 6 weeks, fed at 1% of BW;;208
732;;Supplement mix for early-Lactation, 0 - 6 weeks, fed at 1% of BW;;210
733;;Supplement mix for early-Lactation, 0 - 6 weeks, fed at 1% of BW;;212
734;;Supplement mix for early-Lactation, 0 - 6 weeks, fed at 1% of BW;;213
735;;Supplement mix for early-Lactation, 0 - 6 weeks, fed at 1% of BW;;214
736;;Supplement mix for early-Lactation, 0 - 6 weeks, fed at 1% of BW;;215
737;;Supplement mix for Finishing/Velveting, fed at 0.5% of BW;;199
738;;Supplement mix for Finishing/Velveting, fed at 0.5% of BW;;203
739;;Supplement mix for Finishing/Velveting, fed at 0.5% of BW;;201
740;;Supplement mix for Finishing/Velveting, fed at 0.5% of BW;;204
741;;Supplement mix for Finishing/Velveting, fed at 0.5% of BW;;205
742;;Supplement mix for Finishing/Velveting, fed at 0.5% of BW;;206
743;;Supplement mix for Finishing/Velveting, fed at 1% of BW;;208
744;;Supplement mix for Finishing/Velveting, fed at 1% of BW;;210
745;;Supplement mix for Finishing/Velveting, fed at 1% of BW;;212
746;;Supplement mix for Finishing/Velveting, fed at 1% of BW;;213
747;;Supplement mix for Finishing/Velveting, fed at 1% of BW;;214
748;;Supplement mix for Finishing/Velveting, fed at 1% of BW;;215
749;;Supplement mix for Growers, 3 - 6 months, fed at 0.5% of BW;;199
750;;Supplement mix for Growers, 3 - 6 months, fed at 0.5% of BW;;203
751;;Supplement mix for Growers, 3 - 6 months, fed at 0.5% of BW;;201
752;;Supplement mix for Growers, 3 - 6 months, fed at 0.5% of BW;;204
753;;Supplement mix for Growers, 3 - 6 months, fed at 0.5% of BW;;205
754;;Supplement mix for Growers, 3 - 6 months, fed at 0.5% of BW;;206
755;;Supplement mix for Growers, 3 - 6 months, fed at 1% of BW;;208
756;;Supplement mix for Growers, 3 - 6 months, fed at 1% of BW;;210
757;;Supplement mix for Growers, 3 - 6 months, fed at 1% of BW;;212
758;;Supplement mix for Growers, 3 - 6 months, fed at 1% of BW;;213
759;;Supplement mix for Growers, 3 - 6 months, fed at 1% of BW;;214
760;;Supplement mix for Growers, 3 - 6 months, fed at 1% of BW;;215
761;;Supplement mix for Growers, 6 - 9 months, fed at 0.5% of BW;;199
762;;Supplement mix for Growers, 6 - 9 months, fed at 0.5% of BW;;203
763;;Supplement mix for Growers, 6 - 9 months, fed at 0.5% of BW;;201
764;;Supplement mix for Growers, 6 - 9 months, fed at 0.5% of BW;;204
765;;Supplement mix for Growers, 6 - 9 months, fed at 0.5% of BW;;205
766;;Supplement mix for Growers, 6 - 9 months, fed at 0.5% of BW;;206
767;;Supplement mix for Growers, 6 - 9 months, fed at 1% of BW;;208
768;;Supplement mix for Growers, 6 - 9 months, fed at 1% of BW;;210
769;;Supplement mix for Growers, 6 - 9 months, fed at 1% of BW;;212
770;;Supplement mix for Growers, 6 - 9 months, fed at 1% of BW;;213
771;;Supplement mix for Growers, 6 - 9 months, fed at 1% of BW;;214
772;;Supplement mix for Growers, 6 - 9 months, fed at 1% of BW;;215
773;;Supplement mix for Growers, 9 - 18 months, fed at 0.5% of BW;;199
774;;Supplement mix for Growers, 9 - 18 months, fed at 0.5% of BW;;201
775;;Supplement mix for Growers, 9 - 18 months, fed at 0.5% of BW;;203
776;;Supplement mix for Growers, 9 - 18 months, fed at 0.5% of BW;;204
777;;Supplement mix for Growers, 9 - 18 months, fed at 0.5% of BW;;205
778;;Supplement mix for Growers, 9 - 18 months, fed at 0.5% of BW;;206
779;;Supplement mix for Growers, 9 - 18 months, fed at 1% of BW;;208
780;;Supplement mix for Growers, 9 - 18 months, fed at 1% of BW;;210
781;;Supplement mix for Growers, 9 - 18 months, fed at 1% of BW;;212
782;;Supplement mix for Growers, 9 - 18 months, fed at 1% of BW;;213
783;;Supplement mix for Growers, 9 - 18 months, fed at 1% of BW;;214
784;;Supplement mix for Growers, 9 - 18 months, fed at 1% of BW;;215
785;;Supplement mix for late-Gestation, 24 - 36 weeks, fed at 1% of BW;;208
786;;Supplement mix for late-Gestation, 24 - 36 weeks, fed at 1% of BW;;210
787;;Supplement mix for late-Gestation, 24 - 36 weeks, fed at 1% of BW;;212
788;;Supplement mix for late-Gestation, 24 - 36 weeks, fed at 1% of BW;;213
789;;Supplement mix for late-Gestation, 24 - 36 weeks, fed at 1% of BW;;214
790;;Supplement mix for late-Gestation, 24 - 36 weeks, fed at 1% of BW;;215
791;;Supplement mix for late-Geststion, 24 - 36 weeks, fed at 0.5% of BW;;199
792;;Supplement mix for late-Geststion, 24 - 36 weeks, fed at 0.5% of BW;;201
793;;Supplement mix for late-Geststion, 24 - 36 weeks, fed at 0.5% of BW;;203
794;;Supplement mix for late-Geststion, 24 - 36 weeks, fed at 0.5% of BW;;204
795;;Supplement mix for late-Geststion, 24 - 36 weeks, fed at 0.5% of BW;;205
796;;Supplement mix for late-Geststion, 24 - 36 weeks, fed at 0.5% of BW;;206
797;;Supplement mix for Maintenance, fed at 0.5% of BW;;199
798;;Supplement mix for Maintenance, fed at 0.5% of BW;;203
799;;Supplement mix for Maintenance, fed at 0.5% of BW;;201
800;;Supplement mix for Maintenance, fed at 0.5% of BW;;204
801;;Supplement mix for Maintenance, fed at 0.5% of BW;;205
802;;Supplement mix for Maintenance, fed at 0.5% of BW;;206
803;;Supplement mix for Maintenance, fed at 1% of BW;;208
804;;Supplement mix for Maintenance, fed at 1% of BW;;210
805;;Supplement mix for Maintenance, fed at 1% of BW;;212
806;;Supplement mix for Maintenance, fed at 1% of BW;;213
807;;Supplement mix for Maintenance, fed at 1% of BW;;214
808;;Supplement mix for Maintenance, fed at 1% of BW;;215
809;;Supplement mix for mid-Gestation, 12 - 24 weeks, fed at 0.5% of BW;;199
810;;Supplement mix for mid-Gestation, 12 - 24 weeks, fed at 0.5% of BW;;201
811;;Supplement mix for mid-Gestation, 12 - 24 weeks, fed at 0.5% of BW;;203
812;;Supplement mix for mid-Gestation, 12 - 24 weeks, fed at 0.5% of BW;;204
813;;Supplement mix for mid-Gestation, 12 - 24 weeks, fed at 0.5% of BW;;205
814;;Supplement mix for mid-Gestation, 12 - 24 weeks, fed at 0.5% of BW;;206
815;;Supplement mix for mid-Gestation, 12 - 24 weeks, fed at 1% of BW;;208
816;;Supplement mix for mid-Gestation, 12 - 24 weeks, fed at 1% of BW;;210
817;;Supplement mix for mid-Gestation, 12 - 24 weeks, fed at 1% of BW;;212
818;;Supplement mix for mid-Gestation, 12 - 24 weeks, fed at 1% of BW;;213
819;;Supplement mix for mid-Gestation, 12 - 24 weeks, fed at 1% of BW;;214
820;;Supplement mix for mid-Gestation, 12 - 24 weeks, fed at 1% of BW;;215
821;;Supplement mix for mid-Lactation, 6 - 12 weeks, fed at 0.5% of BW;;199
822;;Supplement mix for mid-Lactation, 6 - 12 weeks, fed at 0.5% of BW;;201
823;;Supplement mix for mid-Lactation, 6 - 12 weeks, fed at 0.5% of BW;;203
824;;Supplement mix for mid-Lactation, 6 - 12 weeks, fed at 0.5% of BW;;204
825;;Supplement mix for mid-Lactation, 6 - 12 weeks, fed at 0.5% of BW;;205
826;;Supplement mix for mid-Lactation, 6 - 12 weeks, fed at 0.5% of BW;;206
827;;Supplement mix for mid-Lactation, 6 - 12 weeks, fed at 1% of BW;;208
828;;Supplement mix for mid-Lactation, 6 - 12 weeks, fed at 1% of BW;;210
829;;Supplement mix for mid-Lactation, 6 - 12 weeks, fed at 1% of BW;;212
830;;Supplement mix for mid-Lactation, 6 - 12 weeks, fed at 1% of BW;;213
831;;Supplement mix for mid-Lactation, 6 - 12 weeks, fed at 1% of BW;;214
832;;Supplement mix for mid-Lactation, 6 - 12 weeks, fed at 1% of BW;;215
833;;Two year old, 24 months - In training;;168
834;;Two year old, 24 months - In training;;169
835;;Two year old, 24 months - Not in training;;168
836;;Two year old, 24 months - Not in training;;169
837;;Weaned Kittens, from 4 weeks to 14 weeks old;;117
838;;Weaned Kittens, from 4 weeks to 14 weeks old;;118
839;;Weaned Puppies, from 4 wks onwards and up to 14 wks old;;120
840;;Weaned Puppies, from 4 wks onwards and up to 14 wks old;;121
841;;Weanling ration, up to 3 months old, to be fed ad lib;;165
842;;Weanling ration, up to 3 months old, to be fed ad lib;;166
843;;Weanling ration, up to 6 months old, to be fed ad lib;;165
844;;Weanling ration, up to 6 months old, to be fed ad lib;;166
845;;Weanling supplement, up to 3 months old, fed at 0.5% of BW;;159
846;;Weanling supplement, up to 3 months old, fed at 0.5% of BW;;160
847;;Weanling supplement, up to 3 months old, fed at 1% of BW;;162
848;;Weanling supplement, up to 3 months old, fed at 1% of BW;;163
849;;Weanling supplement, up to 6 months old, fed at 0.5% of BW;;159
850;;Weanling supplement, up to 6 months old, fed at 0.5% of BW;;160
851;;Weanling supplement, up to 6 months old, fed at 1% of BW;;162
852;;Weanling supplement, up to 6 months old, fed at 1% of BW;;163
853;;Weanling, 4 months;;168
854;;Weanling, 4 months;;169
855;;Weanling, 6 months - moderate growth;;168
856;;Weanling, 6 months - moderate growth;;169
857;;Weanling, 6 months - rapid growth;;168
858;;Weanling, 6 months - rapid growth;;169
859;;Weighing around 450 kg (1000 lb), and in 1st 6 months of gestation.;;217
860;;Weighing around 450 kg (1000 lb), and in 1st 6 months of gestation.;;218
861;;Weighing around 450 kg (1000 lb), and in last 3 months of gestation.;;217
862;;Weighing around 450 kg (1000 lb), and in last 3 months of gestation.;;218
863;;Weighing around 500 kg (1100 lb), and in 1st 6 months of gestation.;;217
864;;Weighing around 500 kg (1100 lb), and in 1st 6 months of gestation.;;218
865;;Weighing around 500 kg (1100 lb), and in last 3 months of gestation.;;217
866;;Weighing around 500 kg (1100 lb), and in last 3 months of gestation.;;218
867;;Weighing around 545 kg (1200 lb), and in 1st 6 months of gestation.;;217
868;;Weighing around 545 kg (1200 lb), and in 1st 6 months of gestation.;;218
869;;Weighing around 545 kg (1200 lb), and in last 3 months of gestation.;;217
870;;Weighing around 545 kg (1200 lb), and in last 3 months of gestation.;;218
871;;White Egg Layers, Feed intake around 100 g/bird/day;;64
872;;White Egg Layers, Feed intake around 100 g/bird/day;;65
873;;White Egg Layers, Feed intake around 110 g/bird/day;;64
874;;White Egg Layers, Feed intake around 110 g/bird/day;;65
875;;White Egg Layers, Feed intake around 120 g/bird/day;;64
876;;White Egg Layers, Feed intake around 120 g/bird/day;;65
877;;White Egg Layers, Feed intake around 80 g/bird/day;;64
878;;White Egg Layers, Feed intake around 80 g/bird/day;;65
879;;White Egg Layers, Feed intake around 90 g/bird/day;;64
880;;White Egg Layers, Feed intake around 90 g/bird/day;;65
881;;White egg strain, 0 - 6 weeks, ending around 450 g BW;;67
882;;White egg strain, 0 - 6 weeks, ending around 450 g BW;;68
883;;White egg strain, 12 - 18 weeks, ending around 1375 g BW;;67
884;;White egg strain, 12 - 18 weeks, ending around 1375 g BW;;68
885;;White egg strain, 18 weeks to 1st egg, ending around 1475 g BW;;67
886;;White egg strain, 18 weeks to 1st egg, ending around 1475 g BW;;68
887;;White egg strain, 6 - 12 weeks, ending ariund 980 g BW;;67
888;;White egg strain, 6 - 12 weeks, ending ariund 980 g BW;;68
889;;Yearling ration, at 12 months of age, to be fed ad lib;;165
890;;Yearling ration, at 12 months of age, to be fed ad lib;;166
891;;Yearling supplement, at 12 months of age, fed at 0.5% of BW;;159
892;;Yearling supplement, at 12 months of age, fed at 0.5% of BW;;160
893;;Yearling supplement, at 12 months of age, fed at 1% of BW;;162
894;;Yearling supplement, at 12 months of age, fed at 1% of BW;;163
895;;Yearling, 12 months - moderate growth;;168
896;;Yearling, 12 months - moderate growth;;169
897;;Yearling, 12 months - rapid growth;;168
898;;Yearling, 12 months - rapid growth;;169
899;;Young Bird, Pelleted Mix;;28
900;;Young Bird, Pelleted Mix;;29
